country_iso,country_name,institution_name,institution_type
AG,Antigua and Barbuda,Ministry of Education Antigua and Barbuda,ministry
AI,Anguilla,Ministry of Education Anguilla,ministry
VG,British Virgin Islands,Ministry of Education British Virgin Islands,ministry
DM,Dominica,Ministry of Education Dominica,ministry
GD,Grenada,Ministry of Education Grenada,ministry
MS,Montserrat,Ministry of Education Montserrat,ministry
KN,Saint Kitts and Nevis,Ministry of Education Saint Kitts and Nevis,ministry
LC,Saint Lucia,Ministry of Education Saint Lucia,ministry
VC,Saint Vincent and the Grenadines,Ministry of Education Saint Vincent and the Grenadines,ministry
